GEO.id,GEO.id2,GEO.display-label,GC.target-geo-id,GC.target-geo-id2,GC.display-label,GC.display-label,rescen42010,resbase42010,respop72010,respop72011,respop72012,respop72013,respop72014
Id,Id2,Geography,Target Geo Id,Target Geo Id2,Geography,Geography,"April 1, 2010 - Census","April 1, 2010 - Estimates Base",Population Estimate (as of July 1) - 2010,Population Estimate (as of July 1) - 2011,Population Estimate (as of July 1) - 2012,Population Estimate (as of July 1) - 2013,Population Estimate (as of July 1) - 2014
0100000US,,United States,0100000US,,United States,United States,308745538,308758105,309347057,311721632,314112078,316497531,318857056
0100000US,,United States,01000C0US,,United States - In metropolitan statistical area,In metropolitan statistical area,262452132,262464443,263042209,265420613,267863537,270277514,272667942
0100000US,,United States,310M200US10180,10180,"United States - In metropolitan statistical area - Abilene, TX Metro Area","Abilene, TX Metro Area",165252,165252,165642,166637,167529,167452,168592
0100000US,,United States,310M200US10420,10420,"United States - In metropolitan statistical area - Akron, OH Metro Area","Akron, OH Metro Area",703200,703207,702967,702881,702203,703210,703825
0100000US,,United States,310M200US10500,10500,"United States - In metropolitan statistical area - Albany, GA Metro Area","Albany, GA Metro Area",157308,157500,157663,157791,157355,155790,154925
0100000US,,United States,310M200US10540,10540,"United States - In metropolitan statistical area - Albany, OR Metro Area","Albany, OR Metro Area",116672,116672,116871,118117,118360,118644,119356
0100000US,,United States,310M200US10580,10580,"United States - In metropolitan statistical area - Albany-Schenectady-Troy, NY Metro Area","Albany-Schenectady-Troy, NY Metro Area",870716,870720,870954,872966,875270,878479,880167
0100000US,,United States,310M200US10740,10740,"United States - In metropolitan statistical area - Albuquerque, NM Metro Area","Albuquerque, NM Metro Area",887077,887075,889649,897091,901016,903345,904587
0100000US,,United States,310M200US10780,10780,"United States - In metropolitan statistical area - Alexandria, LA Metro Area","Alexandria, LA Metro Area",153922,153922,154127,154419,154487,154903,154872
0100000US,,United States,310M200US10900,10900,"United States - In metropolitan statistical area - Allentown-Bethlehem-Easton, PA-NJ Metro Area","Allentown-Bethlehem-Easton, PA-NJ Metro Area",821173,821303,822083,825229,827109,827044,829835
0100000US,,United States,310M200US11020,11020,"United States - In metropolitan statistical area - Altoona, PA Metro Area","Altoona, PA Metro Area",127089,127078,127030,127175,126999,126379,125955
0100000US,,United States,310M200US11100,11100,"United States - In metropolitan statistical area - Amarillo, TX Metro Area","Amarillo, TX Metro Area",251933,251933,252696,255988,257755,258833,259885
0100000US,,United States,310M200US11180,11180,"United States - In metropolitan statistical area - Ames, IA Metro Area","Ames, IA Metro Area",89542,89542,89596,90896,91721,93410,94073
0100000US,,United States,310M200US11260,11260,"United States - In metropolitan statistical area - Anchorage, AK Metro Area","Anchorage, AK Metro Area",380821,380821,383120,388140,392431,397521,398892
0100000US,,United States,310M200US11460,11460,"United States - In metropolitan statistical area - Ann Arbor, MI Metro Area","Ann Arbor, MI Metro Area",344791,345066,345525,349150,351301,354418,356874
0100000US,,United States,310M200US11500,11500,"United States - In metropolitan statistical area - Anniston-Oxford-Jacksonville, AL Metro Area","Anniston-Oxford-Jacksonville, AL Metro Area",118572,118586,118443,117760,117264,116547,115916
0100000US,,United States,310M200US11540,11540,"United States - In metropolitan statistical area - Appleton, WI Metro Area","Appleton, WI Metro Area",225666,225666,225850,227411,228581,229869,231497
0100000US,,United States,310M200US11700,11700,"United States - In metropolitan statistical area - Asheville, NC Metro Area","Asheville, NC Metro Area",424858,424859,425465,428436,432142,437661,442316
0100000US,,United States,310M200US12020,12020,"United States - In metropolitan statistical area - Athens-Clarke County, GA Metro Area","Athens-Clarke County, GA Metro Area",192541,192541,193476,194658,196405,197884,199016
0100000US,,United States,310M200US12060,12060,"United States - In metropolitan statistical area - Atlanta-Sandy Springs-Roswell, GA Metro Area","Atlanta-Sandy Springs-Roswell, GA Metro Area",5286728,5286727,5304207,5374825,5456472,5525432,5614323
0100000US,,United States,310M200US12100,12100,"United States - In metropolitan statistical area - Atlantic City-Hammonton, NJ Metro Area","Atlantic City-Hammonton, NJ Metro Area",274549,274549,274762,274923,275566,276167,275209
0100000US,,United States,310M200US12220,12220,"United States - In metropolitan statistical area - Auburn-Opelika, AL Metro Area","Auburn-Opelika, AL Metro Area",140247,140296,140799,144146,148040,151708,154255
0100000US,,United States,310M200US12260,12260,"United States - In metropolitan statistical area - Augusta-Richmond County, GA-SC Metro Area","Augusta-Richmond County, GA-SC Metro Area",564873,564873,566683,571047,576755,580230,583632
0100000US,,United States,310M200US12420,12420,"United States - In metropolitan statistical area - Austin-Round Rock, TX Metro Area","Austin-Round Rock, TX Metro Area",1716289,1716303,1727743,1782089,1836149,1885803,1943299
0100000US,,United States,310M200US12540,12540,"United States - In metropolitan statistical area - Bakersfield, CA Metro Area","Bakersfield, CA Metro Area",839631,839631,841762,849872,856502,865923,874589
0100000US,,United States,310M200US12580,12580,"United States - In metropolitan statistical area - Baltimore-Columbia-Towson, MD Metro Area","Baltimore-Columbia-Towson, MD Metro Area",2710489,2710597,2715625,2735205,2756231,2774050,2785874
0100000US,,United States,310M200US12620,12620,"United States - In metropolitan statistical area - Bangor, ME Metro Area","Bangor, ME Metro Area",153923,153920,153831,153799,153612,153479,153414
0100000US,,United States,310M200US12700,12700,"United States - In metropolitan statistical area - Barnstable Town, MA Metro Area","Barnstable Town, MA Metro Area",215888,215888,215903,215335,214845,214836,214914
0100000US,,United States,310M200US12940,12940,"United States - In metropolitan statistical area - Baton Rouge, LA Metro Area","Baton Rouge, LA Metro Area",802484,802500,804491,808657,814993,820409,825478
0100000US,,United States,310M200US12980,12980,"United States - In metropolitan statistical area - Battle Creek, MI Metro Area","Battle Creek, MI Metro Area",136146,136148,135998,135282,134760,134830,134878
0100000US,,United States,310M200US13020,13020,"United States - In metropolitan statistical area - Bay City, MI Metro Area","Bay City, MI Metro Area",107771,107771,107695,107477,107084,106936,106179
0100000US,,United States,310M200US13140,13140,"United States - In metropolitan statistical area - Beaumont-Port Arthur, TX Metro Area","Beaumont-Port Arthur, TX Metro Area",403190,403190,403748,405275,403832,405424,405427
0100000US,,United States,310M200US13220,13220,"United States - In metropolitan statistical area - Beckley, WV Metro Area","Beckley, WV Metro Area",124898,124901,124902,125187,125020,124196,123373
0100000US,,United States,310M200US13380,13380,"United States - In metropolitan statistical area - Bellingham, WA Metro Area","Bellingham, WA Metro Area",201140,201140,201518,203329,204827,206248,208351
0100000US,,United States,310M200US13460,13460,"United States - In metropolitan statistical area - Bend-Redmond, OR Metro Area","Bend-Redmond, OR Metro Area",157733,157733,157828,159786,161746,165955,170388
0100000US,,United States,310M200US13740,13740,"United States - In metropolitan statistical area - Billings, MT Metro Area","Billings, MT Metro Area",158934,158934,159338,160761,162839,165222,166885
0100000US,,United States,310M200US13780,13780,"United States - In metropolitan statistical area - Binghamton, NY Metro Area","Binghamton, NY Metro Area",251725,251725,251469,250251,249005,248362,247219
0100000US,,United States,310M200US13820,13820,"United States - In metropolitan statistical area - Birmingham-Hoover, AL Metro Area","Birmingham-Hoover, AL Metro Area",1128047,1128056,1129034,1131010,1134297,1139556,1143772
0100000US,,United States,310M200US13900,13900,"United States - In metropolitan statistical area - Bismarck, ND Metro Area","Bismarck, ND Metro Area",114778,114778,115233,117393,120293,123993,126597
0100000US,,United States,310M200US13980,13980,"United States - In metropolitan statistical area - Blacksburg-Christiansburg-Radford, VA Metro Area","Blacksburg-Christiansburg-Radford, VA Metro Area",178237,178254,178512,178911,179558,180952,181605
0100000US,,United States,310M200US14010,14010,"United States - In metropolitan statistical area - Bloomington, IL Metro Area","Bloomington, IL Metro Area",186133,186133,186421,187282,188910,191294,190345
0100000US,,United States,310M200US14020,14020,"United States - In metropolitan statistical area - Bloomington, IN Metro Area","Bloomington, IN Metro Area",159549,159542,160107,161855,162652,163190,164308
0100000US,,United States,310M200US14100,14100,"United States - In metropolitan statistical area - Bloomsburg-Berwick, PA Metro Area","Bloomsburg-Berwick, PA Metro Area",85562,85563,85656,85309,85415,85674,85763
0100000US,,United States,310M200US14260,14260,"United States - In metropolitan statistical area - Boise City, ID Metro Area","Boise City, ID Metro Area",616561,616561,617923,627627,637651,650457,664422
0100000US,,United States,310M200US14460,14460,"United States - In metropolitan statistical area - Boston-Cambridge-Newton, MA-NH Metro Area","Boston-Cambridge-Newton, MA-NH Metro Area",4552402,4552412,4564659,4608848,4650668,4698049,4732161
0100000US,,United States,310M200US14500,14500,"United States - In metropolitan statistical area - Boulder, CO Metro Area","Boulder, CO Metro Area",294567,294571,295967,300650,305483,310396,313333
0100000US,,United States,310M200US14540,14540,"United States - In metropolitan statistical area - Bowling Green, KY Metro Area","Bowling Green, KY Metro Area",158599,158599,159181,160504,162352,163841,165732
0100000US,,United States,310M200US14740,14740,"United States - In metropolitan statistical area - Bremerton-Silverdale, WA Metro Area","Bremerton-Silverdale, WA Metro Area",251133,251133,251650,254372,254659,253205,254183
0100000US,,United States,310M200US14860,14860,"United States - In metropolitan statistical area - Bridgeport-Stamford-Norwalk, CT Metro Area","Bridgeport-Stamford-Norwalk, CT Metro Area",916829,916828,919506,928722,935290,942119,945438
0100000US,,United States,310M200US15180,15180,"United States - In metropolitan statistical area - Brownsville-Harlingen, TX Metro Area","Brownsville-Harlingen, TX Metro Area",406220,406220,407672,413188,416048,418217,420392
0100000US,,United States,310M200US15260,15260,"United States - In metropolitan statistical area - Brunswick, GA Metro Area","Brunswick, GA Metro Area",112370,112368,112574,113034,113437,114012,114806
0100000US,,United States,310M200US15380,15380,"United States - In metropolitan statistical area - Buffalo-Cheektowaga-Niagara Falls, NY Metro Area","Buffalo-Cheektowaga-Niagara Falls, NY Metro Area",1135509,1135541,1135342,1135411,1135067,1136153,1136360
0100000US,,United States,310M200US15500,15500,"United States - In metropolitan statistical area - Burlington, NC Metro Area","Burlington, NC Metro Area",151131,151241,151551,152866,153672,154685,155792
0100000US,,United States,310M200US15540,15540,"United States - In metropolitan statistical area - Burlington-South Burlington, VT Metro Area","Burlington-South Burlington, VT Metro Area",211261,211262,211508,212837,213874,215072,216167
0100000US,,United States,310M200US15680,15680,"United States - In metropolitan statistical area - California-Lexington Park, MD Metro Area","California-Lexington Park, MD Metro Area",105151,105151,105740,107757,108999,109484,110382
0100000US,,United States,310M200US15940,15940,"United States - In metropolitan statistical area - Canton-Massillon, OH Metro Area","Canton-Massillon, OH Metro Area",404422,404420,404202,403119,403404,403493,403923
0100000US,,United States,310M200US15980,15980,"United States - In metropolitan statistical area - Cape Coral-Fort Myers, FL Metro Area","Cape Coral-Fort Myers, FL Metro Area",618754,618754,620521,631412,644988,661336,679513
0100000US,,United States,310M200US16020,16020,"United States - In metropolitan statistical area - Cape Girardeau, MO-IL Metro Area","Cape Girardeau, MO-IL Metro Area",96275,96275,96421,97027,97235,97617,97929
0100000US,,United States,310M200US16060,16060,"United States - In metropolitan statistical area - Carbondale-Marion, IL Metro Area","Carbondale-Marion, IL Metro Area",126575,126580,126819,127107,126984,127069,126685
0100000US,,United States,310M200US16180,16180,"United States - In metropolitan statistical area - Carson City, NV Metro Area","Carson City, NV Metro Area",55274,55274,55260,54747,54578,54061,54522
0100000US,,United States,310M200US16220,16220,"United States - In metropolitan statistical area - Casper, WY Metro Area","Casper, WY Metro Area",75450,75450,75466,76416,78686,81143,81624
0100000US,,United States,310M200US16300,16300,"United States - In metropolitan statistical area - Cedar Rapids, IA Metro Area","Cedar Rapids, IA Metro Area",257940,257940,258360,260862,261686,262348,263885
0100000US,,United States,310M200US16540,16540,"United States - In metropolitan statistical area - Chambersburg-Waynesboro, PA Metro Area","Chambersburg-Waynesboro, PA Metro Area",149618,149618,149908,151004,151589,152191,152892
0100000US,,United States,310M200US16580,16580,"United States - In metropolitan statistical area - Champaign-Urbana, IL Metro Area","Champaign-Urbana, IL Metro Area",231891,231889,232250,233332,234514,236015,237252
0100000US,,United States,310M200US16620,16620,"United States - In metropolitan statistical area - Charleston, WV Metro Area","Charleston, WV Metro Area",227078,227071,227000,225879,225800,224683,222878
0100000US,,United States,310M200US16700,16700,"United States - In metropolitan statistical area - Charleston-North Charleston, SC Metro Area","Charleston-North Charleston, SC Metro Area",664607,664643,667724,681482,697435,712081,727689
0100000US,,United States,310M200US16740,16740,"United States - In metropolitan statistical area - Charlotte-Concord-Gastonia, NC-SC Metro Area","Charlotte-Concord-Gastonia, NC-SC Metro Area",2217012,2217248,2223894,2257149,2295879,2337339,2380314
0100000US,,United States,310M200US16820,16820,"United States - In metropolitan statistical area - Charlottesville, VA Metro Area","Charlottesville, VA Metro Area",218705,218710,219076,221339,223151,224778,226968
0100000US,,United States,310M200US16860,16860,"United States - In metropolitan statistical area - Chattanooga, TN-GA Metro Area","Chattanooga, TN-GA Metro Area",528143,528145,529103,533162,537997,542161,544559
0100000US,,United States,310M200US16940,16940,"United States - In metropolitan statistical area - Cheyenne, WY Metro Area","Cheyenne, WY Metro Area",91738,91881,92199,92607,94849,96015,96389
0100000US,,United States,310M200US16980,16980,"United States - In metropolitan statistical area - Chicago-Naperville-Elgin, IL-IN-WI Metro Area","Chicago-Naperville-Elgin, IL-IN-WI Metro Area",9461105,9461537,9470069,9493464,9519316,9544796,9554598
0100000US,,United States,310M200US17020,17020,"United States - In metropolitan statistical area - Chico, CA Metro Area","Chico, CA Metro Area",220000,220000,219924,220025,221279,222420,224241
0100000US,,United States,310M200US17140,17140,"United States - In metropolitan statistical area - Cincinnati, OH-KY-IN Metro Area","Cincinnati, OH-KY-IN Metro Area",2114580,2114755,2117863,2123332,2129786,2138536,2149449
0100000US,,United States,310M200US17300,17300,"United States - In metropolitan statistical area - Clarksville, TN-KY Metro Area","Clarksville, TN-KY Metro Area",260625,260610,261814,264611,275522,273453,278353
0100000US,,United States,310M200US17420,17420,"United States - In metropolitan statistical area - Cleveland, TN Metro Area","Cleveland, TN Metro Area",115788,115788,115965,116657,117730,118537,119705
0100000US,,United States,310M200US17460,17460,"United States - In metropolitan statistical area - Cleveland-Elyria, OH Metro Area","Cleveland-Elyria, OH Metro Area",2077240,2077246,2075558,2068399,2064570,2065328,2063598
0100000US,,United States,310M200US17660,17660,"United States - In metropolitan statistical area - Coeur d'Alene, ID Metro Area","Coeur d'Alene, ID Metro Area",138494,138494,138890,141045,142297,144357,147326
0100000US,,United States,310M200US17780,17780,"United States - In metropolitan statistical area - College Station-Bryan, TX Metro Area","College Station-Bryan, TX Metro Area",228660,228660,229478,231578,234373,238245,242905
0100000US,,United States,310M200US17820,17820,"United States - In metropolitan statistical area - Colorado Springs, CO Metro Area","Colorado Springs, CO Metro Area",645613,645611,650351,660278,669100,678711,686908
0100000US,,United States,310M200US17860,17860,"United States - In metropolitan statistical area - Columbia, MO Metro Area","Columbia, MO Metro Area",162642,162642,163182,165922,168592,170929,172717
0100000US,,United States,310M200US17900,17900,"United States - In metropolitan statistical area - Columbia, SC Metro Area","Columbia, SC Metro Area",767598,767477,769661,776630,784279,792422,800495
0100000US,,United States,310M200US17980,17980,"United States - In metropolitan statistical area - Columbus, GA-AL Metro Area","Columbus, GA-AL Metro Area",294865,295529,296454,302513,311711,317126,314005
0100000US,,United States,310M200US18020,18020,"United States - In metropolitan statistical area - Columbus, IN Metro Area","Columbus, IN Metro Area",76794,76786,76848,77621,78903,79549,80217
0100000US,,United States,310M200US18140,18140,"United States - In metropolitan statistical area - Columbus, OH Metro Area","Columbus, OH Metro Area",1901974,1902015,1906177,1925540,1945659,1969032,1994536
0100000US,,United States,310M200US18580,18580,"United States - In metropolitan statistical area - Corpus Christi, TX Metro Area","Corpus Christi, TX Metro Area",428185,428188,428026,431051,437012,443448,448108
0100000US,,United States,310M200US18700,18700,"United States - In metropolitan statistical area - Corvallis, OR Metro Area","Corvallis, OR Metro Area",85579,85581,85531,85983,86380,85960,86316
0100000US,,United States,310M200US18880,18880,"United States - In metropolitan statistical area - Crestview-Fort Walton Beach-Destin, FL Metro Area","Crestview-Fort Walton Beach-Destin, FL Metro Area",235865,235865,236006,238954,247712,253309,258042
0100000US,,United States,310M200US19060,19060,"United States - In metropolitan statistical area - Cumberland, MD-WV Metro Area","Cumberland, MD-WV Metro Area",103299,103299,103236,102620,101816,101238,100530
0100000US,,United States,310M200US19100,19100,"United States - In metropolitan statistical area - Dallas-Fort Worth-Arlington, TX Metro Area","Dallas-Fort Worth-Arlington, TX Metro Area",6426214,6426210,6452725,6574866,6710066,6823113,6954330
0100000US,,United States,310M200US19140,19140,"United States - In metropolitan statistical area - Dalton, GA Metro Area","Dalton, GA Metro Area",142227,142227,142317,142504,142581,142385,142952
0100000US,,United States,310M200US19180,19180,"United States - In metropolitan statistical area - Danville, IL Metro Area","Danville, IL Metro Area",81625,81625,81595,81358,80764,80418,79728
0100000US,,United States,310M200US19300,19300,"United States - In metropolitan statistical area - Daphne-Fairhope-Foley, AL Metro Area","Daphne-Fairhope-Foley, AL Metro Area",182265,182265,183216,186694,190561,195443,200111
0100000US,,United States,310M200US19340,19340,"United States - In metropolitan statistical area - Davenport-Moline-Rock Island, IA-IL Metro Area","Davenport-Moline-Rock Island, IA-IL Metro Area",379690,379689,380241,380926,382139,383230,383030
0100000US,,United States,310M200US19380,19380,"United States - In metropolitan statistical area - Dayton, OH Metro Area","Dayton, OH Metro Area",799232,799216,800245,801334,802234,801645,800836
0100000US,,United States,310M200US19460,19460,"United States - In metropolitan statistical area - Decatur, AL Metro Area","Decatur, AL Metro Area",153829,153825,153863,153914,153833,153199,153084
0100000US,,United States,310M200US19500,19500,"United States - In metropolitan statistical area - Decatur, IL Metro Area","Decatur, IL Metro Area",110768,110768,110757,110582,110043,109435,108350
0100000US,,United States,310M200US19660,19660,"United States - In metropolitan statistical area - Deltona-Daytona Beach-Ormond Beach, FL Metro Area","Deltona-Daytona Beach-Ormond Beach, FL Metro Area",590289,590293,590678,591753,595602,601151,609939
0100000US,,United States,310M200US19740,19740,"United States - In metropolitan statistical area - Denver-Aurora-Lakewood, CO Metro Area","Denver-Aurora-Lakewood, CO Metro Area",2543482,2543594,2554335,2600843,2647780,2699750,2754258
0100000US,,United States,310M200US19780,19780,"United States - In metropolitan statistical area - Des Moines-West Des Moines, IA Metro Area","Des Moines-West Des Moines, IA Metro Area",569633,569633,571883,580741,589453,600086,611549
0100000US,,United States,310M200US19820,19820,"United States - In metropolitan statistical area - Detroit-Warren-Dearborn, MI Metro Area","Detroit-Warren-Dearborn, MI Metro Area",4296250,4296313,4291176,4287145,4292912,4295394,4296611
0100000US,,United States,310M200US20020,20020,"United States - In metropolitan statistical area - Dothan, AL Metro Area","Dothan, AL Metro Area",145639,145639,145867,146655,147618,147592,148095
0100000US,,United States,310M200US20100,20100,"United States - In metropolitan statistical area - Dover, DE Metro Area","Dover, DE Metro Area",162310,162344,162954,165214,167666,169562,171987
0100000US,,United States,310M200US20220,20220,"United States - In metropolitan statistical area - Dubuque, IA Metro Area","Dubuque, IA Metro Area",93653,93653,93893,94507,95147,95912,96370
0100000US,,United States,310M200US20260,20260,"United States - In metropolitan statistical area - Duluth, MN-WI Metro Area","Duluth, MN-WI Metro Area",279771,279771,279789,279907,279614,279942,280218
0100000US,,United States,310M200US20500,20500,"United States - In metropolitan statistical area - Durham-Chapel Hill, NC Metro Area","Durham-Chapel Hill, NC Metro Area",504357,506634,508063,515828,525026,533622,542710
0100000US,,United States,310M200US20700,20700,"United States - In metropolitan statistical area - East Stroudsburg, PA Metro Area","East Stroudsburg, PA Metro Area",169842,169842,169940,169860,168465,167130,166314
0100000US,,United States,310M200US20740,20740,"United States - In metropolitan statistical area - Eau Claire, WI Metro Area","Eau Claire, WI Metro Area",161151,161390,161633,162838,163891,164903,165024
0100000US,,United States,310M200US20940,20940,"United States - In metropolitan statistical area - El Centro, CA Metro Area","El Centro, CA Metro Area",174528,174528,174779,176300,177443,177517,179091
0100000US,,United States,310M200US21060,21060,"United States - In metropolitan statistical area - Elizabethtown-Fort Knox, KY Metro Area","Elizabethtown-Fort Knox, KY Metro Area",148338,148339,149897,151295,150413,151395,151585
0100000US,,United States,310M200US21140,21140,"United States - In metropolitan statistical area - Elkhart-Goshen, IN Metro Area","Elkhart-Goshen, IN Metro Area",197559,197561,197441,198480,199236,200591,201971
0100000US,,United States,310M200US21300,21300,"United States - In metropolitan statistical area - Elmira, NY Metro Area","Elmira, NY Metro Area",88830,88830,88947,88973,89231,88485,87770
0100000US,,United States,310M200US21340,21340,"United States - In metropolitan statistical area - El Paso, TX Metro Area","El Paso, TX Metro Area",804123,804123,807089,823134,834477,834630,836698
0100000US,,United States,310M200US21500,21500,"United States - In metropolitan statistical area - Erie, PA Metro Area","Erie, PA Metro Area",280566,280566,280720,280938,280801,279760,278443
0100000US,,United States,310M200US21660,21660,"United States - In metropolitan statistical area - Eugene, OR Metro Area","Eugene, OR Metro Area",351715,351715,351852,353491,354481,355661,358337
0100000US,,United States,310M200US21780,21780,"United States - In metropolitan statistical area - Evansville, IN-KY Metro Area","Evansville, IN-KY Metro Area",311552,311552,311778,312589,313298,314429,315162
0100000US,,United States,310M200US21820,21820,"United States - In metropolitan statistical area - Fairbanks, AK Metro Area","Fairbanks, AK Metro Area",97581,97581,98174,98029,100227,100807,99357
0100000US,,United States,310M200US22020,22020,"United States - In metropolitan statistical area - Fargo, ND-MN Metro Area","Fargo, ND-MN Metro Area",208777,208777,209423,212835,217052,223853,228291
0100000US,,United States,310M200US22140,22140,"United States - In metropolitan statistical area - Farmington, NM Metro Area","Farmington, NM Metro Area",130044,130045,130155,128035,128367,126448,123785
0100000US,,United States,310M200US22180,22180,"United States - In metropolitan statistical area - Fayetteville, NC Metro Area","Fayetteville, NC Metro Area",366383,366383,367727,373329,373566,377619,377939
0100000US,,United States,310M200US22220,22220,"United States - In metropolitan statistical area - Fayetteville-Springdale-Rogers, AR-MO Metro Area","Fayetteville-Springdale-Rogers, AR-MO Metro Area",463204,463207,465699,474222,483029,492375,501653
0100000US,,United States,310M200US22380,22380,"United States - In metropolitan statistical area - Flagstaff, AZ Metro Area","Flagstaff, AZ Metro Area",134421,134437,134603,134159,135949,136690,137682
0100000US,,United States,310M200US22420,22420,"United States - In metropolitan statistical area - Flint, MI Metro Area","Flint, MI Metro Area",425790,425790,424976,421716,418058,415623,412895
0100000US,,United States,310M200US22500,22500,"United States - In metropolitan statistical area - Florence, SC Metro Area","Florence, SC Metro Area",205566,205571,205713,205746,206225,206380,207030
0100000US,,United States,310M200US22520,22520,"United States - In metropolitan statistical area - Florence-Muscle Shoals, AL Metro Area","Florence-Muscle Shoals, AL Metro Area",147137,147137,147231,147042,147167,147273,147639
0100000US,,United States,310M200US22540,22540,"United States - In metropolitan statistical area - Fond du Lac, WI Metro Area","Fond du Lac, WI Metro Area",101633,101633,101645,101792,101702,101648,101759
0100000US,,United States,310M200US22660,22660,"United States - In metropolitan statistical area - Fort Collins, CO Metro Area","Fort Collins, CO Metro Area",299630,299630,300484,305241,310835,316494,324122
0100000US,,United States,310M200US22900,22900,"United States - In metropolitan statistical area - Fort Smith, AR-OK Metro Area","Fort Smith, AR-OK Metro Area",280467,280515,280729,281012,280704,279930,279592
0100000US,,United States,310M200US23060,23060,"United States - In metropolitan statistical area - Fort Wayne, IN Metro Area","Fort Wayne, IN Metro Area",416257,416255,416850,419757,421780,424570,427183
0100000US,,United States,310M200US23420,23420,"United States - In metropolitan statistical area - Fresno, CA Metro Area","Fresno, CA Metro Area",930450,930452,932642,941260,948240,956102,965974
0100000US,,United States,310M200US23460,23460,"United States - In metropolitan statistical area - Gadsden, AL Metro Area","Gadsden, AL Metro Area",104430,104427,104501,104310,104324,103962,103531
0100000US,,United States,310M200US23540,23540,"United States - In metropolitan statistical area - Gainesville, FL Metro Area","Gainesville, FL Metro Area",264275,264274,264667,266691,268585,270216,273377
0100000US,,United States,310M200US23580,23580,"United States - In metropolitan statistical area - Gainesville, GA Metro Area","Gainesville, GA Metro Area",179684,179684,180034,182954,185084,187759,190761
0100000US,,United States,310M200US23900,23900,"United States - In metropolitan statistical area - Gettysburg, PA Metro Area","Gettysburg, PA Metro Area",101407,101413,101470,101649,101538,101457,101714
0100000US,,United States,310M200US24020,24020,"United States - In metropolitan statistical area - Glens Falls, NY Metro Area","Glens Falls, NY Metro Area",128923,128921,128991,128782,128476,127898,127345
0100000US,,United States,310M200US24140,24140,"United States - In metropolitan statistical area - Goldsboro, NC Metro Area","Goldsboro, NC Metro Area",122623,122623,122888,124022,124504,124596,124456
0100000US,,United States,310M200US24220,24220,"United States - In metropolitan statistical area - Grand Forks, ND-MN Metro Area","Grand Forks, ND-MN Metro Area",98461,98461,98605,98195,99214,101014,101842
0100000US,,United States,310M200US24260,24260,"United States - In metropolitan statistical area - Grand Island, NE Metro Area","Grand Island, NE Metro Area",81850,81850,82043,82683,83462,84187,84755
0100000US,,United States,310M200US24300,24300,"United States - In metropolitan statistical area - Grand Junction, CO Metro Area","Grand Junction, CO Metro Area",146723,146723,146485,147380,147724,147699,148255
0100000US,,United States,310M200US24340,24340,"United States - In metropolitan statistical area - Grand Rapids-Wyoming, MI Metro Area","Grand Rapids-Wyoming, MI Metro Area",988938,988940,989205,996355,1006131,1017247,1027703
0100000US,,United States,310M200US24420,24420,"United States - In metropolitan statistical area - Grants Pass, OR Metro Area","Grants Pass, OR Metro Area",82713,82713,82835,82618,82782,83271,83599
0100000US,,United States,310M200US24500,24500,"United States - In metropolitan statistical area - Great Falls, MT Metro Area","Great Falls, MT Metro Area",81327,81327,81506,81747,81765,82404,82344
0100000US,,United States,310M200US24540,24540,"United States - In metropolitan statistical area - Greeley, CO Metro Area","Greeley, CO Metro Area",252825,252837,254173,258737,264189,270560,277670
0100000US,,United States,310M200US24580,24580,"United States - In metropolitan statistical area - Green Bay, WI Metro Area","Green Bay, WI Metro Area",306241,306241,306712,308763,311052,312573,314531
0100000US,,United States,310M200US24660,24660,"United States - In metropolitan statistical area - Greensboro-High Point, NC Metro Area","Greensboro-High Point, NC Metro Area",723801,723798,725040,730077,735866,741314,746593
0100000US,,United States,310M200US24780,24780,"United States - In metropolitan statistical area - Greenville, NC Metro Area","Greenville, NC Metro Area",168148,168148,168826,170763,172895,174351,175354
0100000US,,United States,310M200US24860,24860,"United States - In metropolitan statistical area - Greenville-Anderson-Mauldin, SC Metro Area","Greenville-Anderson-Mauldin, SC Metro Area",824112,824107,825765,833417,842037,850406,862463
0100000US,,United States,310M200US25060,25060,"United States - In metropolitan statistical area - Gulfport-Biloxi-Pascagoula, MS Metro Area","Gulfport-Biloxi-Pascagoula, MS Metro Area",370702,370787,371524,375762,378970,382458,386144
0100000US,,United States,310M200US25180,25180,"United States - In metropolitan statistical area - Hagerstown-Martinsburg, MD-WV Metro Area","Hagerstown-Martinsburg, MD-WV Metro Area",251599,251602,252408,254533,256224,257950,260070
0100000US,,United States,310M200US25220,25220,"United States - In metropolitan statistical area - Hammond, LA Metro Area","Hammond, LA Metro Area",121097,121101,121572,122727,123767,125508,127049
0100000US,,United States,310M200US25260,25260,"United States - In metropolitan statistical area - Hanford-Corcoran, CA Metro Area","Hanford-Corcoran, CA Metro Area",152982,152982,152418,152063,151340,150862,150269
0100000US,,United States,310M200US25420,25420,"United States - In metropolitan statistical area - Harrisburg-Carlisle, PA Metro Area","Harrisburg-Carlisle, PA Metro Area",549475,549473,550258,551935,554827,557906,560849
0100000US,,United States,310M200US25500,25500,"United States - In metropolitan statistical area - Harrisonburg, VA Metro Area","Harrisonburg, VA Metro Area",125228,125217,125426,126920,128599,129233,130649
0100000US,,United States,310M200US25540,25540,"United States - In metropolitan statistical area - Hartford-West Hartford-East Hartford, CT Metro Area","Hartford-West Hartford-East Hartford, CT Metro Area",1212381,1212387,1214021,1216393,1215143,1215943,1214295
0100000US,,United States,310M200US25620,25620,"United States - In metropolitan statistical area - Hattiesburg, MS Metro Area","Hattiesburg, MS Metro Area",142842,142857,143336,145298,146713,147846,148656
0100000US,,United States,310M200US25860,25860,"United States - In metropolitan statistical area - Hickory-Lenoir-Morganton, NC Metro Area","Hickory-Lenoir-Morganton, NC Metro Area",365497,365492,365305,364392,363711,363373,362896
0100000US,,United States,310M200US25940,25940,"United States - In metropolitan statistical area - Hilton Head Island-Bluffton-Beaufort, SC Metro Area","Hilton Head Island-Bluffton-Beaufort, SC Metro Area",187010,187010,187898,189524,193755,198279,203022
0100000US,,United States,310M200US25980,25980,"United States - In metropolitan statistical area - Hinesville, GA Metro Area","Hinesville, GA Metro Area",77917,77917,77365,80358,81552,80698,82311
0100000US,,United States,310M200US26140,26140,"United States - In metropolitan statistical area - Homosassa Springs, FL Metro Area","Homosassa Springs, FL Metro Area",141236,141236,141283,139773,139290,139134,139377
0100000US,,United States,310M200US26300,26300,"United States - In metropolitan statistical area - Hot Springs, AR Metro Area","Hot Springs, AR Metro Area",96024,96024,96156,96641,96837,97065,97322
0100000US,,United States,310M200US26380,26380,"United States - In metropolitan statistical area - Houma-Thibodaux, LA Metro Area","Houma-Thibodaux, LA Metro Area",208178,208176,208221,208626,208856,209963,211348
0100000US,,United States,310M200US26420,26420,"United States - In metropolitan statistical area - Houston-The Woodlands-Sugar Land, TX Metro Area","Houston-The Woodlands-Sugar Land, TX Metro Area",5920416,5920490,5949076,6060721,6186923,6333809,6490180
0100000US,,United States,310M200US26580,26580,"United States - In metropolitan statistical area - Huntington-Ashland, WV-KY-OH Metro Area","Huntington-Ashland, WV-KY-OH Metro Area",364908,364930,365170,364937,364944,364189,363325
0100000US,,United States,310M200US26620,26620,"United States - In metropolitan statistical area - Huntsville, AL Metro Area","Huntsville, AL Metro Area",417593,417593,419418,425248,430231,435997,441086
0100000US,,United States,310M200US26820,26820,"United States - In metropolitan statistical area - Idaho Falls, ID Metro Area","Idaho Falls, ID Metro Area",133265,133337,133791,134922,136259,137046,138266
0100000US,,United States,310M200US26900,26900,"United States - In metropolitan statistical area - Indianapolis-Carmel-Anderson, IN Metro Area","Indianapolis-Carmel-Anderson, IN Metro Area",1887877,1888082,1892508,1910206,1928783,1953146,1971274
0100000US,,United States,310M200US26980,26980,"United States - In metropolitan statistical area - Iowa City, IA Metro Area","Iowa City, IA Metro Area",152586,152586,152963,155560,158834,161829,164357
0100000US,,United States,310M200US27060,27060,"United States - In metropolitan statistical area - Ithaca, NY Metro Area","Ithaca, NY Metro Area",101564,101595,101726,102066,103044,104368,104691
0100000US,,United States,310M200US27100,27100,"United States - In metropolitan statistical area - Jackson, MI Metro Area","Jackson, MI Metro Area",160248,160248,160149,159678,160156,159909,159741
0100000US,,United States,310M200US27140,27140,"United States - In metropolitan statistical area - Jackson, MS Metro Area","Jackson, MS Metro Area",567122,567645,568905,574402,576899,577219,577564
0100000US,,United States,310M200US27180,27180,"United States - In metropolitan statistical area - Jackson, TN Metro Area","Jackson, TN Metro Area",130011,130009,130043,129803,130378,130718,130225
0100000US,,United States,310M200US27260,27260,"United States - In metropolitan statistical area - Jacksonville, FL Metro Area","Jacksonville, FL Metro Area",1345596,1345596,1349137,1361833,1378834,1396046,1419127
0100000US,,United States,310M200US27340,27340,"United States - In metropolitan statistical area - Jacksonville, NC Metro Area","Jacksonville, NC Metro Area",177772,177772,179563,177895,183888,185669,187589
0100000US,,United States,310M200US27500,27500,"United States - In metropolitan statistical area - Janesville-Beloit, WI Metro Area","Janesville-Beloit, WI Metro Area",160331,160331,160230,160001,160271,160633,161188
0100000US,,United States,310M200US27620,27620,"United States - In metropolitan statistical area - Jefferson City, MO Metro Area","Jefferson City, MO Metro Area",149807,149807,149950,150377,150366,150638,150866
0100000US,,United States,310M200US27740,27740,"United States - In metropolitan statistical area - Johnson City, TN Metro Area","Johnson City, TN Metro Area",198716,198716,198976,199794,200524,200969,201091
0100000US,,United States,310M200US27780,27780,"United States - In metropolitan statistical area - Johnstown, PA Metro Area","Johnstown, PA Metro Area",143679,143674,143444,142566,141531,138900,137732
0100000US,,United States,310M200US27860,27860,"United States - In metropolitan statistical area - Jonesboro, AR Metro Area","Jonesboro, AR Metro Area",121026,121026,121270,122840,124228,125869,126764
0100000US,,United States,310M200US27900,27900,"United States - In metropolitan statistical area - Joplin, MO Metro Area","Joplin, MO Metro Area",175518,175516,175922,176680,174445,175209,176141
0100000US,,United States,310M200US27980,27980,"United States - In metropolitan statistical area - Kahului-Wailuku-Lahaina, HI Metro Area","Kahului-Wailuku-Lahaina, HI Metro Area",154924,154925,155072,156854,158521,160880,163108
0100000US,,United States,310M200US28020,28020,"United States - In metropolitan statistical area - Kalamazoo-Portage, MI Metro Area","Kalamazoo-Portage, MI Metro Area",326589,326596,326920,328432,330270,332557,334017
0100000US,,United States,310M200US28100,28100,"United States - In metropolitan statistical area - Kankakee, IL Metro Area","Kankakee, IL Metro Area",113449,113449,113462,113453,112926,112193,111375
0100000US,,United States,310M200US28140,28140,"United States - In metropolitan statistical area - Kansas City, MO-KS Metro Area","Kansas City, MO-KS Metro Area",2009342,2009338,2013651,2025003,2039213,2055351,2071133
0100000US,,United States,310M200US28420,28420,"United States - In metropolitan statistical area - Kennewick-Richland, WA Metro Area","Kennewick-Richland, WA Metro Area",253340,253340,255578,263639,268227,271067,274295
0100000US,,United States,310M200US28660,28660,"United States - In metropolitan statistical area - Killeen-Temple, TX Metro Area","Killeen-Temple, TX Metro Area",405300,405298,408217,412715,420364,423282,424858
0100000US,,United States,310M200US28700,28700,"United States - In metropolitan statistical area - Kingsport-Bristol-Bristol, TN-VA Metro Area","Kingsport-Bristol-Bristol, TN-VA Metro Area",309544,309542,309584,309107,308872,308356,308079
0100000US,,United States,310M200US28740,28740,"United States - In metropolitan statistical area - Kingston, NY Metro Area","Kingston, NY Metro Area",182493,182494,182374,182613,181708,180848,180445
0100000US,,United States,310M200US28940,28940,"United States - In metropolitan statistical area - Knoxville, TN Metro Area","Knoxville, TN Metro Area",837571,837579,838687,842785,847817,851951,857585
0100000US,,United States,310M200US29020,29020,"United States - In metropolitan statistical area - Kokomo, IN Metro Area","Kokomo, IN Metro Area",82752,82752,82766,82888,82973,82961,82982
0100000US,,United States,310M200US29100,29100,"United States - In metropolitan statistical area - La Crosse-Onalaska, WI-MN Metro Area","La Crosse-Onalaska, WI-MN Metro Area",133665,133665,133856,134238,135647,136156,136749
0100000US,,United States,310M200US29180,29180,"United States - In metropolitan statistical area - Lafayette, LA Metro Area","Lafayette, LA Metro Area",466750,466750,467650,470677,474220,479763,484974
0100000US,,United States,310M200US29200,29200,"United States - In metropolitan statistical area - Lafayette-West Lafayette, IN Metro Area","Lafayette-West Lafayette, IN Metro Area",201789,201789,202055,204434,207110,209769,211697
0100000US,,United States,310M200US29340,29340,"United States - In metropolitan statistical area - Lake Charles, LA Metro Area","Lake Charles, LA Metro Area",199607,199629,200069,200592,201276,202461,203883
0100000US,,United States,310M200US29420,29420,"United States - In metropolitan statistical area - Lake Havasu City-Kingman, AZ Metro Area","Lake Havasu City-Kingman, AZ Metro Area",200186,200186,200380,202642,203174,202855,203361
0100000US,,United States,310M200US29460,29460,"United States - In metropolitan statistical area - Lakeland-Winter Haven, FL Metro Area","Lakeland-Winter Haven, FL Metro Area",602095,602095,603359,609696,615764,623159,634638
0100000US,,United States,310M200US29540,29540,"United States - In metropolitan statistical area - Lancaster, PA Metro Area","Lancaster, PA Metro Area",519445,519448,520317,523670,526766,530122,533320
0100000US,,United States,310M200US29620,29620,"United States - In metropolitan statistical area - Lansing-East Lansing, MI Metro Area","Lansing-East Lansing, MI Metro Area",464036,464032,464158,465980,466666,468348,470458
0100000US,,United States,310M200US29700,29700,"United States - In metropolitan statistical area - Laredo, TX Metro Area","Laredo, TX Metro Area",250304,250304,251308,255618,259986,263772,266673
0100000US,,United States,310M200US29740,29740,"United States - In metropolitan statistical area - Las Cruces, NM Metro Area","Las Cruces, NM Metro Area",209233,209241,210237,212890,214208,213697,213676
0100000US,,United States,310M200US29820,29820,"United States - In metropolitan statistical area - Las Vegas-Henderson-Paradise, NV Metro Area","Las Vegas-Henderson-Paradise, NV Metro Area",1951269,1951269,1953263,1967159,1998646,2029316,2069681
0100000US,,United States,310M200US29940,29940,"United States - In metropolitan statistical area - Lawrence, KS Metro Area","Lawrence, KS Metro Area",110826,110826,111296,112491,113339,114803,116585
0100000US,,United States,310M200US30020,30020,"United States - In metropolitan statistical area - Lawton, OK Metro Area","Lawton, OK Metro Area",130291,130291,131625,132267,132758,131188,131183
0100000US,,United States,310M200US30140,30140,"United States - In metropolitan statistical area - Lebanon, PA Metro Area","Lebanon, PA Metro Area",133568,133573,133728,134544,135582,135707,136359
0100000US,,United States,310M200US30300,30300,"United States - In metropolitan statistical area - Lewiston, ID-WA Metro Area","Lewiston, ID-WA Metro Area",60888,60888,61018,61342,61450,62042,62196
0100000US,,United States,310M200US30340,30340,"United States - In metropolitan statistical area - Lewiston-Auburn, ME Metro Area","Lewiston-Auburn, ME Metro Area",107702,107702,107661,107353,107506,107391,107440
0100000US,,United States,310M200US30460,30460,"United States - In metropolitan statistical area - Lexington-Fayette, KY Metro Area","Lexington-Fayette, KY Metro Area",472099,472099,473402,478459,484616,489324,494189
0100000US,,United States,310M200US30620,30620,"United States - In metropolitan statistical area - Lima, OH Metro Area","Lima, OH Metro Area",106331,106331,106364,105907,105283,105214,105040
0100000US,,United States,310M200US30700,30700,"United States - In metropolitan statistical area - Lincoln, NE Metro Area","Lincoln, NE Metro Area",302157,302157,302922,306673,310434,314349,318945
0100000US,,United States,310M200US30780,30780,"United States - In metropolitan statistical area - Little Rock-North Little Rock-Conway, AR Metro Area","Little Rock-North Little Rock-Conway, AR Metro Area",699757,699799,702305,710759,717703,724335,729135
0100000US,,United States,310M200US30860,30860,"United States - In metropolitan statistical area - Logan, UT-ID Metro Area","Logan, UT-ID Metro Area",125442,125442,126076,127648,128769,130175,131364
0100000US,,United States,310M200US30980,30980,"United States - In metropolitan statistical area - Longview, TX Metro Area","Longview, TX Metro Area",214369,214378,214732,215968,218591,216957,217481
0100000US,,United States,310M200US31020,31020,"United States - In metropolitan statistical area - Longview, WA Metro Area","Longview, WA Metro Area",102410,102410,102392,102329,101777,101729,102133
0100000US,,United States,310M200US31080,31080,"United States - In metropolitan statistical area - Los Angeles-Long Beach-Anaheim, CA Metro Area","Los Angeles-Long Beach-Anaheim, CA Metro Area",12828837,12828933,12845311,12954525,13064761,13175849,13262220
0100000US,,United States,310M200US31140,31140,"United States - In metropolitan statistical area - Louisville/Jefferson County, KY-IN Metro Area","Louisville/Jefferson County, KY-IN Metro Area",1235708,1235710,1237778,1244938,1251870,1262244,1269702
0100000US,,United States,310M200US31180,31180,"United States - In metropolitan statistical area - Lubbock, TX Metro Area","Lubbock, TX Metro Area",290805,290805,292152,295366,297972,301760,305644
0100000US,,United States,310M200US31340,31340,"United States - In metropolitan statistical area - Lynchburg, VA Metro Area","Lynchburg, VA Metro Area",252634,252656,253024,254086,255534,256724,257835
0100000US,,United States,310M200US31420,31420,"United States - In metropolitan statistical area - Macon, GA Metro Area","Macon, GA Metro Area",232293,232293,232307,232851,232840,231332,230450
0100000US,,United States,310M200US31460,31460,"United States - In metropolitan statistical area - Madera, CA Metro Area","Madera, CA Metro Area",150865,150865,151154,152148,152244,152165,154548
0100000US,,United States,310M200US31540,31540,"United States - In metropolitan statistical area - Madison, WI Metro Area","Madison, WI Metro Area",605435,605437,606409,613773,620401,627466,633787
0100000US,,United States,310M200US31700,31700,"United States - In metropolitan statistical area - Manchester-Nashua, NH Metro Area","Manchester-Nashua, NH Metro Area",400721,400721,400982,401716,402600,403398,405184
0100000US,,United States,310M200US31740,31740,"United States - In metropolitan statistical area - Manhattan, KS Metro Area","Manhattan, KS Metro Area",92719,92735,93344,95424,98648,98575,98091
0100000US,,United States,310M200US31860,31860,"United States - In metropolitan statistical area - Mankato-North Mankato, MN Metro Area","Mankato-North Mankato, MN Metro Area",96740,96740,96809,97276,97936,97718,98478
0100000US,,United States,310M200US31900,31900,"United States - In metropolitan statistical area - Mansfield, OH Metro Area","Mansfield, OH Metro Area",124475,124475,124175,123070,122588,122292,121942
0100000US,,United States,310M200US32580,32580,"United States - In metropolitan statistical area - McAllen-Edinburg-Mission, TX Metro Area","McAllen-Edinburg-Mission, TX Metro Area",774769,774773,779194,795303,807725,818942,831073
0100000US,,United States,310M200US32780,32780,"United States - In metropolitan statistical area - Medford, OR Metro Area","Medford, OR Metro Area",203206,203206,203421,204754,206363,208091,210287
0100000US,,United States,310M200US32820,32820,"United States - In metropolitan statistical area - Memphis, TN-MS-AR Metro Area","Memphis, TN-MS-AR Metro Area",1324829,1324829,1326580,1332790,1340755,1341710,1343230
0100000US,,United States,310M200US32900,32900,"United States - In metropolitan statistical area - Merced, CA Metro Area","Merced, CA Metro Area",255793,255798,256731,259698,261783,263481,266353
0100000US,,United States,310M200US33100,33100,"United States - In metropolitan statistical area - Miami-Fort Lauderdale-West Palm Beach, FL Metro Area","Miami-Fort Lauderdale-West Palm Beach, FL Metro Area",5564635,5566299,5586506,5706892,5789346,5863458,5929819
0100000US,,United States,310M200US33140,33140,"United States - In metropolitan statistical area - Michigan City-La Porte, IN Metro Area","Michigan City-La Porte, IN Metro Area",111467,111467,111421,111187,111158,111256,111444
0100000US,,United States,310M200US33220,33220,"United States - In metropolitan statistical area - Midland, MI Metro Area","Midland, MI Metro Area",83629,83629,83664,83765,83649,83593,83427
0100000US,,United States,310M200US33260,33260,"United States - In metropolitan statistical area - Midland, TX Metro Area","Midland, TX Metro Area",141671,141674,141798,144996,152092,157240,161290
0100000US,,United States,310M200US33340,33340,"United States - In metropolitan statistical area - Milwaukee-Waukesha-West Allis, WI Metro Area","Milwaukee-Waukesha-West Allis, WI Metro Area",1555908,1555954,1556535,1561141,1566755,1570167,1572245
0100000US,,United States,310M200US33460,33460,"United States - In metropolitan statistical area - Minneapolis-St. Paul-Bloomington, MN-WI Metro Area","Minneapolis-St. Paul-Bloomington, MN-WI Metro Area",3348859,3348857,3355105,3389149,3423070,3461434,3495176
0100000US,,United States,310M200US33540,33540,"United States - In metropolitan statistical area - Missoula, MT Metro Area","Missoula, MT Metro Area",109299,109299,109425,110121,111054,111769,112684
0100000US,,United States,310M200US33660,33660,"United States - In metropolitan statistical area - Mobile, AL Metro Area","Mobile, AL Metro Area",412992,413143,413432,413154,413955,414560,415123
0100000US,,United States,310M200US33700,33700,"United States - In metropolitan statistical area - Modesto, CA Metro Area","Modesto, CA Metro Area",514453,514451,515283,518270,522134,526286,531997
0100000US,,United States,310M200US33740,33740,"United States - In metropolitan statistical area - Monroe, LA Metro Area","Monroe, LA Metro Area",176441,176502,176785,177390,177885,178618,178864
0100000US,,United States,310M200US33780,33780,"United States - In metropolitan statistical area - Monroe, MI Metro Area","Monroe, MI Metro Area",152021,152021,151911,151499,150840,150179,149824
0100000US,,United States,310M200US33860,33860,"United States - In metropolitan statistical area - Montgomery, AL Metro Area","Montgomery, AL Metro Area",374536,374529,375208,377960,375874,373945,373141
0100000US,,United States,310M200US34060,34060,"United States - In metropolitan statistical area - Morgantown, WV Metro Area","Morgantown, WV Metro Area",129709,129709,130328,132314,134441,135925,137251
0100000US,,United States,310M200US34100,34100,"United States - In metropolitan statistical area - Morristown, TN Metro Area","Morristown, TN Metro Area",113951,114111,114217,114800,115042,115374,115713
0100000US,,United States,310M200US34580,34580,"United States - In metropolitan statistical area - Mount Vernon-Anacortes, WA Metro Area","Mount Vernon-Anacortes, WA Metro Area",116901,116901,116967,117740,118005,118742,120365
0100000US,,United States,310M200US34620,34620,"United States - In metropolitan statistical area - Muncie, IN Metro Area","Muncie, IN Metro Area",117671,117671,117672,117797,117309,117355,117074
0100000US,,United States,310M200US34740,34740,"United States - In metropolitan statistical area - Muskegon, MI Metro Area","Muskegon, MI Metro Area",172188,172188,171916,169986,170146,172246,172344
0100000US,,United States,310M200US34820,34820,"United States - In metropolitan statistical area - Myrtle Beach-Conway-North Myrtle Beach, SC-NC Metro Area","Myrtle Beach-Conway-North Myrtle Beach, SC-NC Metro Area",376722,376722,378644,385705,394128,404789,417668
0100000US,,United States,310M200US34900,34900,"United States - In metropolitan statistical area - Napa, CA Metro Area","Napa, CA Metro Area",136484,136530,136829,138056,139135,140580,141667
0100000US,,United States,310M200US34940,34940,"United States - In metropolitan statistical area - Naples-Immokalee-Marco Island, FL Metro Area","Naples-Immokalee-Marco Island, FL Metro Area",321520,321520,322710,327903,332873,340106,348777
0100000US,,United States,310M200US34980,34980,"United States - In metropolitan statistical area - Nashville-Davidson--Murfreesboro--Franklin, TN Metro Area","Nashville-Davidson--Murfreesboro--Franklin, TN Metro Area",1670890,1670900,1675913,1698288,1727153,1758577,1792649
0100000US,,United States,310M200US35100,35100,"United States - In metropolitan statistical area - New Bern, NC Metro Area","New Bern, NC Metro Area",126802,126802,127105,128241,128630,127589,127534
0100000US,,United States,310M200US35300,35300,"United States - In metropolitan statistical area - New Haven-Milford, CT Metro Area","New Haven-Milford, CT Metro Area",862477,862474,863367,864049,864031,863016,861277
0100000US,,United States,310M200US35380,35380,"United States - In metropolitan statistical area - New Orleans-Metairie, LA Metro Area","New Orleans-Metairie, LA Metro Area",1189866,1189863,1195794,1214235,1228375,1241949,1251849
0100000US,,United States,310M200US35620,35620,"United States - In metropolitan statistical area - New York-Newark-Jersey City, NY-NJ-PA Metro Area","New York-Newark-Jersey City, NY-NJ-PA Metro Area",19567410,19566440,19599534,19756128,19874606,20002086,20092883
0100000US,,United States,310M200US35660,35660,"United States - In metropolitan statistical area - Niles-Benton Harbor, MI Metro Area","Niles-Benton Harbor, MI Metro Area",156813,156817,156803,156544,156057,155321,155233
0100000US,,United States,310M200US35840,35840,"United States - In metropolitan statistical area - North Port-Sarasota-Bradenton, FL Metro Area","North Port-Sarasota-Bradenton, FL Metro Area",702281,702270,703462,708971,720121,732659,748708
0100000US,,United States,310M200US35980,35980,"United States - In metropolitan statistical area - Norwich-New London, CT Metro Area","Norwich-New London, CT Metro Area",274055,274046,274102,274056,274544,273976,273676
0100000US,,United States,310M200US36100,36100,"United States - In metropolitan statistical area - Ocala, FL Metro Area","Ocala, FL Metro Area",331298,331303,331527,332507,334495,336159,339167
0100000US,,United States,310M200US36140,36140,"United States - In metropolitan statistical area - Ocean City, NJ Metro Area","Ocean City, NJ Metro Area",97265,97265,97278,96562,96398,95849,95344
0100000US,,United States,310M200US36220,36220,"United States - In metropolitan statistical area - Odessa, TX Metro Area","Odessa, TX Metro Area",137130,137133,137098,139690,144444,149522,153904
0100000US,,United States,310M200US36260,36260,"United States - In metropolitan statistical area - Ogden-Clearfield, UT Metro Area","Ogden-Clearfield, UT Metro Area",597159,597159,599569,605878,612629,622238,632293
0100000US,,United States,310M200US36420,36420,"United States - In metropolitan statistical area - Oklahoma City, OK Metro Area","Oklahoma City, OK Metro Area",1252987,1252992,1257888,1276858,1297886,1320585,1336767
0100000US,,United States,310M200US36500,36500,"United States - In metropolitan statistical area - Olympia-Tumwater, WA Metro Area","Olympia-Tumwater, WA Metro Area",252264,252264,253046,256481,258713,262561,265851
0100000US,,United States,310M200US36540,36540,"United States - In metropolitan statistical area - Omaha-Council Bluffs, NE-IA Metro Area","Omaha-Council Bluffs, NE-IA Metro Area",865350,865350,868113,876979,885707,895573,904421
0100000US,,United States,310M200US36740,36740,"United States - In metropolitan statistical area - Orlando-Kissimmee-Sanford, FL Metro Area","Orlando-Kissimmee-Sanford, FL Metro Area",2134411,2134406,2139686,2176088,2225901,2271083,2321418
0100000US,,United States,310M200US36780,36780,"United States - In metropolitan statistical area - Oshkosh-Neenah, WI Metro Area","Oshkosh-Neenah, WI Metro Area",166994,166994,167004,167558,168634,169360,169511
0100000US,,United States,310M200US36980,36980,"United States - In metropolitan statistical area - Owensboro, KY Metro Area","Owensboro, KY Metro Area",114752,114755,114791,115361,115918,116399,116506
0100000US,,United States,310M200US37100,37100,"United States - In metropolitan statistical area - Oxnard-Thousand Oaks-Ventura, CA Metro Area","Oxnard-Thousand Oaks-Ventura, CA Metro Area",823318,823420,825353,830973,835476,840972,846178
0100000US,,United States,310M200US37340,37340,"United States - In metropolitan statistical area - Palm Bay-Melbourne-Titusville, FL Metro Area","Palm Bay-Melbourne-Titusville, FL Metro Area",543376,543378,544029,544431,547669,551440,556885
0100000US,,United States,310M200US37460,37460,"United States - In metropolitan statistical area - Panama City, FL Metro Area","Panama City, FL Metro Area",184715,184715,185111,185370,187664,190771,194929
0100000US,,United States,310M200US37620,37620,"United States - In metropolitan statistical area - Parkersburg-Vienna, WV Metro Area","Parkersburg-Vienna, WV Metro Area",92673,92673,92715,92587,92367,92275,92082
0100000US,,United States,310M200US37860,37860,"United States - In metropolitan statistical area - Pensacola-Ferry Pass-Brent, FL Metro Area","Pensacola-Ferry Pass-Brent, FL Metro Area",448991,448991,450980,455339,462612,468682,474081
0100000US,,United States,310M200US37900,37900,"United States - In metropolitan statistical area - Peoria, IL Metro Area","Peoria, IL Metro Area",379186,379186,378954,379677,380450,382079,380040
0100000US,,United States,310M200US37980,37980,"United States - In metropolitan statistical area - Philadelphia-Camden-Wilmington, PA-NJ-DE-MD Metro Area","Philadelphia-Camden-Wilmington, PA-NJ-DE-MD Metro Area",5965343,5965368,5971276,5997083,6020925,6036228,6051170
0100000US,,United States,310M200US38060,38060,"United States - In metropolitan statistical area - Phoenix-Mesa-Scottsdale, AZ Metro Area","Phoenix-Mesa-Scottsdale, AZ Metro Area",4192887,4193127,4209347,4254149,4330974,4404129,4489109
0100000US,,United States,310M200US38220,38220,"United States - In metropolitan statistical area - Pine Bluff, AR Metro Area","Pine Bluff, AR Metro Area",100258,100258,100076,99001,97344,95689,94716
0100000US,,United States,310M200US38300,38300,"United States - In metropolitan statistical area - Pittsburgh, PA Metro Area","Pittsburgh, PA Metro Area",2356285,2356285,2356678,2359680,2361068,2360565,2355968
0100000US,,United States,310M200US38340,38340,"United States - In metropolitan statistical area - Pittsfield, MA Metro Area","Pittsfield, MA Metro Area",131219,131272,131310,130575,130230,129489,128715
0100000US,,United States,310M200US38540,38540,"United States - In metropolitan statistical area - Pocatello, ID Metro Area","Pocatello, ID Metro Area",82839,82839,83000,83562,83741,83322,83347
0100000US,,United States,310M200US38860,38860,"United States - In metropolitan statistical area - Portland-South Portland, ME Metro Area","Portland-South Portland, ME Metro Area",514098,514100,513807,515995,518219,520363,523552
0100000US,,United States,310M200US38900,38900,"United States - In metropolitan statistical area - Portland-Vancouver-Hillsboro, OR-WA Metro Area","Portland-Vancouver-Hillsboro, OR-WA Metro Area",2226009,2226011,2232079,2260178,2288729,2314747,2348247
0100000US,,United States,310M200US38940,38940,"United States - In metropolitan statistical area - Port St. Lucie, FL Metro Area","Port St. Lucie, FL Metro Area",424107,424107,425246,428374,432405,437785,444420
0100000US,,United States,310M200US39140,39140,"United States - In metropolitan statistical area - Prescott, AZ Metro Area","Prescott, AZ Metro Area",211033,211015,210517,211185,212509,215389,218844
0100000US,,United States,310M200US39300,39300,"United States - In metropolitan statistical area - Providence-Warwick, RI-MA Metro Area","Providence-Warwick, RI-MA Metro Area",1600852,1601216,1602154,1601145,1603402,1605521,1609367
0100000US,,United States,310M200US39340,39340,"United States - In metropolitan statistical area - Provo-Orem, UT Metro Area","Provo-Orem, UT Metro Area",526810,526810,529830,540396,549930,562253,571460
0100000US,,United States,310M200US39380,39380,"United States - In metropolitan statistical area - Pueblo, CO Metro Area","Pueblo, CO Metro Area",159063,159063,159536,160213,160840,161320,161875
0100000US,,United States,310M200US39460,39460,"United States - In metropolitan statistical area - Punta Gorda, FL Metro Area","Punta Gorda, FL Metro Area",159978,159989,159927,159613,162792,164948,168474
0100000US,,United States,310M200US39540,39540,"United States - In metropolitan statistical area - Racine, WI Metro Area","Racine, WI Metro Area",195408,195428,195446,194979,194683,194922,195163
0100000US,,United States,310M200US39580,39580,"United States - In metropolitan statistical area - Raleigh, NC Metro Area","Raleigh, NC Metro Area",1130490,1130490,1137346,1163203,1189075,1215299,1242974
0100000US,,United States,310M200US39660,39660,"United States - In metropolitan statistical area - Rapid City, SD Metro Area","Rapid City, SD Metro Area",134598,134609,135052,136354,138791,141363,143638
0100000US,,United States,310M200US39740,39740,"United States - In metropolitan statistical area - Reading, PA Metro Area","Reading, PA Metro Area",411442,411587,411905,412580,413252,413652,413691
0100000US,,United States,310M200US39820,39820,"United States - In metropolitan statistical area - Redding, CA Metro Area","Redding, CA Metro Area",177223,177223,177286,177950,178421,179137,179804
0100000US,,United States,310M200US39900,39900,"United States - In metropolitan statistical area - Reno, NV Metro Area","Reno, NV Metro Area",425417,425437,426032,428858,433001,437713,443990
0100000US,,United States,310M200US40060,40060,"United States - In metropolitan statistical area - Richmond, VA Metro Area","Richmond, VA Metro Area",1208101,1208080,1210063,1219592,1233722,1246867,1260029
0100000US,,United States,310M200US40140,40140,"United States - In metropolitan statistical area - Riverside-San Bernardino-Ontario, CA Metro Area","Riverside-San Bernardino-Ontario, CA Metro Area",4224851,4224972,4244242,4302359,4348670,4390262,4441890
0100000US,,United States,310M200US40220,40220,"United States - In metropolitan statistical area - Roanoke, VA Metro Area","Roanoke, VA Metro Area",308707,308693,308781,309390,310710,312404,313388
0100000US,,United States,310M200US40340,40340,"United States - In metropolitan statistical area - Rochester, MN Metro Area","Rochester, MN Metro Area",206877,206877,207140,208556,209709,211838,212778
0100000US,,United States,310M200US40380,40380,"United States - In metropolitan statistical area - Rochester, NY Metro Area","Rochester, NY Metro Area",1079671,1079692,1080082,1082269,1083059,1084094,1083393
0100000US,,United States,310M200US40420,40420,"United States - In metropolitan statistical area - Rockford, IL Metro Area","Rockford, IL Metro Area",349431,349431,349295,347890,345803,344755,342411
0100000US,,United States,310M200US40580,40580,"United States - In metropolitan statistical area - Rocky Mount, NC Metro Area","Rocky Mount, NC Metro Area",152392,152388,152484,151845,151034,150114,149290
0100000US,,United States,310M200US40660,40660,"United States - In metropolitan statistical area - Rome, GA Metro Area","Rome, GA Metro Area",96317,96317,96393,96182,96066,96025,96063
0100000US,,United States,310M200US40900,40900,"United States - In metropolitan statistical area - Sacramento--Roseville--Arden-Arcade, CA Metro Area","Sacramento--Roseville--Arden-Arcade, CA Metro Area",2149127,2149143,2154382,2175727,2195087,2217515,2244397
0100000US,,United States,310M200US40980,40980,"United States - In metropolitan statistical area - Saginaw, MI Metro Area","Saginaw, MI Metro Area",200169,200169,199882,198815,198268,196660,195012
0100000US,,United States,310M200US41060,41060,"United States - In metropolitan statistical area - St. Cloud, MN Metro Area","St. Cloud, MN Metro Area",189093,189093,189188,190072,190513,191348,192418
0100000US,,United States,310M200US41100,41100,"United States - In metropolitan statistical area - St. George, UT Metro Area","St. George, UT Metro Area",138115,138115,138406,141502,144643,147719,151948
0100000US,,United States,310M200US41140,41140,"United States - In metropolitan statistical area - St. Joseph, MO-KS Metro Area","St. Joseph, MO-KS Metro Area",127329,127329,127278,127747,127950,127779,127431
0100000US,,United States,310M200US41180,41180,"United States - In metropolitan statistical area - St. Louis, MO-IL Metro Area","St. Louis, MO-IL Metro Area",2787701,2787747,2789886,2793725,2797281,2801587,2806207
0100000US,,United States,310M200US41420,41420,"United States - In metropolitan statistical area - Salem, OR Metro Area","Salem, OR Metro Area",390738,390738,391487,393863,396339,398846,404026
0100000US,,United States,310M200US41500,41500,"United States - In metropolitan statistical area - Salinas, CA Metro Area","Salinas, CA Metro Area",415057,415057,416364,421393,426411,429123,431344
0100000US,,United States,310M200US41540,41540,"United States - In metropolitan statistical area - Salisbury, MD-DE Metro Area","Salisbury, MD-DE Metro Area",373802,373769,374762,378111,381407,385140,389922
0100000US,,United States,310M200US41620,41620,"United States - In metropolitan statistical area - Salt Lake City, UT Metro Area","Salt Lake City, UT Metro Area",1087873,1087873,1091432,1107634,1124222,1141584,1153340
0100000US,,United States,310M200US41660,41660,"United States - In metropolitan statistical area - San Angelo, TX Metro Area","San Angelo, TX Metro Area",111823,111823,112283,113429,115097,116564,118182
0100000US,,United States,310M200US41700,41700,"United States - In metropolitan statistical area - San Antonio-New Braunfels, TX Metro Area","San Antonio-New Braunfels, TX Metro Area",2142508,2142518,2153255,2194231,2237771,2282201,2328652
0100000US,,United States,310M200US41740,41740,"United States - In metropolitan statistical area - San Diego-Carlsbad, CA Metro Area","San Diego-Carlsbad, CA Metro Area",3095313,3095308,3104543,3141768,3183413,3222558,3263431
0100000US,,United States,310M200US41860,41860,"United States - In metropolitan statistical area - San Francisco-Oakland-Hayward, CA Metro Area","San Francisco-Oakland-Hayward, CA Metro Area",4335391,4335560,4345179,4400182,4462179,4529654,4594060
0100000US,,United States,310M200US41940,41940,"United States - In metropolitan statistical area - San Jose-Sunnyvale-Santa Clara, CA Metro Area","San Jose-Sunnyvale-Santa Clara, CA Metro Area",1836911,1836941,1842462,1870279,1897969,1928701,1952872
0100000US,,United States,310M200US42020,42020,"United States - In metropolitan statistical area - San Luis Obispo-Paso Robles-Arroyo Grande, CA Metro Area","San Luis Obispo-Paso Robles-Arroyo Grande, CA Metro Area",269637,269593,269860,271165,274528,276284,279083
0100000US,,United States,310M200US42100,42100,"United States - In metropolitan statistical area - Santa Cruz-Watsonville, CA Metro Area","Santa Cruz-Watsonville, CA Metro Area",262382,262362,263213,264923,266632,269444,271804
0100000US,,United States,310M200US42140,42140,"United States - In metropolitan statistical area - Santa Fe, NM Metro Area","Santa Fe, NM Metro Area",144170,144171,144503,145447,146385,147306,148164
0100000US,,United States,310M200US42200,42200,"United States - In metropolitan statistical area - Santa Maria-Santa Barbara, CA Metro Area","Santa Maria-Santa Barbara, CA Metro Area",423895,423939,424331,425974,430728,436076,440668
0100000US,,United States,310M200US42220,42220,"United States - In metropolitan statistical area - Santa Rosa, CA Metro Area","Santa Rosa, CA Metro Area",483878,483880,484666,487722,490838,495432,500292
0100000US,,United States,310M200US42340,42340,"United States - In metropolitan statistical area - Savannah, GA Metro Area","Savannah, GA Metro Area",347611,347621,348843,355913,362293,366049,372708
0100000US,,United States,310M200US42540,42540,"United States - In metropolitan statistical area - Scranton--Wilkes-Barre--Hazleton, PA Metro Area","Scranton--Wilkes-Barre--Hazleton, PA Metro Area",563631,563630,563655,563913,564134,561838,559679
0100000US,,United States,310M200US42660,42660,"United States - In metropolitan statistical area - Seattle-Tacoma-Bellevue, WA Metro Area","Seattle-Tacoma-Bellevue, WA Metro Area",3439809,3439815,3448234,3498020,3553831,3613621,3671478
0100000US,,United States,310M200US42680,42680,"United States - In metropolitan statistical area - Sebastian-Vero Beach, FL Metro Area","Sebastian-Vero Beach, FL Metro Area",138028,138028,138235,138973,140608,142021,144755
0100000US,,United States,310M200US42700,42700,"United States - In metropolitan statistical area - Sebring, FL Metro Area","Sebring, FL Metro Area",98786,98786,98703,98360,98087,97919,98236
0100000US,,United States,310M200US43100,43100,"United States - In metropolitan statistical area - Sheboygan, WI Metro Area","Sheboygan, WI Metro Area",115507,115507,115418,115312,114952,114868,115290
0100000US,,United States,310M200US43300,43300,"United States - In metropolitan statistical area - Sherman-Denison, TX Metro Area","Sherman-Denison, TX Metro Area",120877,120877,121086,121283,121631,122343,123534
0100000US,,United States,310M200US43340,43340,"United States - In metropolitan statistical area - Shreveport-Bossier City, LA Metro Area","Shreveport-Bossier City, LA Metro Area",439811,439811,441161,445021,448379,446825,445142
0100000US,,United States,310M200US43420,43420,"United States - In metropolitan statistical area - Sierra Vista-Douglas, AZ Metro Area","Sierra Vista-Douglas, AZ Metro Area",131346,131357,131868,133058,131919,129744,127448
0100000US,,United States,310M200US43580,43580,"United States - In metropolitan statistical area - Sioux City, IA-NE-SD Metro Area","Sioux City, IA-NE-SD Metro Area",168563,168563,168793,168940,168796,168785,168806
0100000US,,United States,310M200US43620,43620,"United States - In metropolitan statistical area - Sioux Falls, SD Metro Area","Sioux Falls, SD Metro Area",228261,228264,229099,232650,237748,243622,248351
0100000US,,United States,310M200US43780,43780,"United States - In metropolitan statistical area - South Bend-Mishawaka, IN-MI Metro Area","South Bend-Mishawaka, IN-MI Metro Area",319224,319215,318981,319222,318625,318532,319226
0100000US,,United States,310M200US43900,43900,"United States - In metropolitan statistical area - Spartanburg, SC Metro Area","Spartanburg, SC Metro Area",313268,313268,313676,314747,316643,318800,321418
0100000US,,United States,310M200US44060,44060,"United States - In metropolitan statistical area - Spokane-Spokane Valley, WA Metro Area","Spokane-Spokane Valley, WA Metro Area",527753,527753,528493,529837,532312,535684,540953
0100000US,,United States,310M200US44100,44100,"United States - In metropolitan statistical area - Springfield, IL Metro Area","Springfield, IL Metro Area",210170,210170,210526,211634,211956,211645,211567
0100000US,,United States,310M200US44140,44140,"United States - In metropolitan statistical area - Springfield, MA Metro Area","Springfield, MA Metro Area",621570,621705,623426,626075,626890,628384,629100
0100000US,,United States,310M200US44180,44180,"United States - In metropolitan statistical area - Springfield, MO Metro Area","Springfield, MO Metro Area",436712,436712,437444,440365,444681,448852,452297
0100000US,,United States,310M200US44220,44220,"United States - In metropolitan statistical area - Springfield, OH Metro Area","Springfield, OH Metro Area",138333,138333,138227,137738,137194,136803,136554
0100000US,,United States,310M200US44300,44300,"United States - In metropolitan statistical area - State College, PA Metro Area","State College, PA Metro Area",153990,153981,154182,154847,155582,157847,158742
0100000US,,United States,310M200US44420,44420,"United States - In metropolitan statistical area - Staunton-Waynesboro, VA Metro Area","Staunton-Waynesboro, VA Metro Area",118502,118502,118378,118904,118629,119403,119766
0100000US,,United States,310M200US44700,44700,"United States - In metropolitan statistical area - Stockton-Lodi, CA Metro Area","Stockton-Lodi, CA Metro Area",685306,685308,687513,695479,701635,705027,715597
0100000US,,United States,310M200US44940,44940,"United States - In metropolitan statistical area - Sumter, SC Metro Area","Sumter, SC Metro Area",107456,107463,107581,107350,108060,108002,107919
0100000US,,United States,310M200US45060,45060,"United States - In metropolitan statistical area - Syracuse, NY Metro Area","Syracuse, NY Metro Area",662577,662578,662976,662609,661256,662861,661478
0100000US,,United States,310M200US45220,45220,"United States - In metropolitan statistical area - Tallahassee, FL Metro Area","Tallahassee, FL Metro Area",367413,368770,369475,371156,375523,373583,375751
0100000US,,United States,310M200US45300,45300,"United States - In metropolitan statistical area - Tampa-St. Petersburg-Clearwater, FL Metro Area","Tampa-St. Petersburg-Clearwater, FL Metro Area",2783243,2783514,2789334,2829104,2848003,2874154,2915582
0100000US,,United States,310M200US45460,45460,"United States - In metropolitan statistical area - Terre Haute, IN Metro Area","Terre Haute, IN Metro Area",172425,172422,172314,172581,172626,172201,171480
0100000US,,United States,310M200US45500,45500,"United States - In metropolitan statistical area - Texarkana, TX-AR Metro Area","Texarkana, TX-AR Metro Area",149198,149195,149315,149561,149610,149563,149235
0100000US,,United States,310M200US45540,45540,"United States - In metropolitan statistical area - The Villages, FL Metro Area","The Villages, FL Metro Area",93420,93420,94287,98598,102823,108483,114350
0100000US,,United States,310M200US45780,45780,"United States - In metropolitan statistical area - Toledo, OH Metro Area","Toledo, OH Metro Area",610001,610001,610201,609596,608551,608430,607456
0100000US,,United States,310M200US45820,45820,"United States - In metropolitan statistical area - Topeka, KS Metro Area","Topeka, KS Metro Area",233870,233868,234209,234671,234444,233894,233758
0100000US,,United States,310M200US45940,45940,"United States - In metropolitan statistical area - Trenton, NJ Metro Area","Trenton, NJ Metro Area",366513,367508,368043,367941,369057,371052,371537
0100000US,,United States,310M200US46060,46060,"United States - In metropolitan statistical area - Tucson, AZ Metro Area","Tucson, AZ Metro Area",980263,980263,981935,988125,993094,998050,1004516
0100000US,,United States,310M200US46140,46140,"United States - In metropolitan statistical area - Tulsa, OK Metro Area","Tulsa, OK Metro Area",937478,937528,939858,945927,952836,962424,969224
0100000US,,United States,310M200US46220,46220,"United States - In metropolitan statistical area - Tuscaloosa, AL Metro Area","Tuscaloosa, AL Metro Area",230162,230159,230489,231400,233377,235438,237761
0100000US,,United States,310M200US46340,46340,"United States - In metropolitan statistical area - Tyler, TX Metro Area","Tyler, TX Metro Area",209714,209714,210455,212765,214941,216670,218842
0100000US,,United States,310M200US46520,46520,"United States - In metropolitan statistical area - Urban Honolulu, HI Metro Area","Urban Honolulu, HI Metro Area",953207,953207,956336,966559,976746,987019,991788
0100000US,,United States,310M200US46540,46540,"United States - In metropolitan statistical area - Utica-Rome, NY Metro Area","Utica-Rome, NY Metro Area",299397,299382,299301,298846,298553,298047,296615
0100000US,,United States,310M200US46660,46660,"United States - In metropolitan statistical area - Valdosta, GA Metro Area","Valdosta, GA Metro Area",139588,139665,140104,142414,144614,142828,143317
0100000US,,United States,310M200US46700,46700,"United States - In metropolitan statistical area - Vallejo-Fairfield, CA Metro Area","Vallejo-Fairfield, CA Metro Area",413344,413344,414101,416945,420724,425219,431131
0100000US,,United States,310M200US47020,47020,"United States - In metropolitan statistical area - Victoria, TX Metro Area","Victoria, TX Metro Area",94003,94003,94070,94650,96614,97592,98630
0100000US,,United States,310M200US47220,47220,"United States - In metropolitan statistical area - Vineland-Bridgeton, NJ Metro Area","Vineland-Bridgeton, NJ Metro Area",156898,156898,157200,157607,157794,157153,157389
0100000US,,United States,310M200US47260,47260,"United States - In metropolitan statistical area - Virginia Beach-Norfolk-Newport News, VA-NC Metro Area","Virginia Beach-Norfolk-Newport News, VA-NC Metro Area",1676822,1676817,1680110,1686982,1698391,1707385,1716624
0100000US,,United States,310M200US47300,47300,"United States - In metropolitan statistical area - Visalia-Porterville, CA Metro Area","Visalia-Porterville, CA Metro Area",442179,442182,443292,447824,451499,454725,458198
0100000US,,United States,310M200US47380,47380,"United States - In metropolitan statistical area - Waco, TX Metro Area","Waco, TX Metro Area",252772,252772,253837,255729,257111,259099,260430
0100000US,,United States,310M200US47460,47460,"United States - In metropolitan statistical area - Walla Walla, WA Metro Area","Walla Walla, WA Metro Area",62859,62859,63029,63545,63459,63673,63829
0100000US,,United States,310M200US47580,47580,"United States - In metropolitan statistical area - Warner Robins, GA Metro Area","Warner Robins, GA Metro Area",179605,179605,180412,183589,185390,186355,187516
0100000US,,United States,310M200US47900,47900,"United States - In metropolitan statistical area - Washington-Arlington-Alexandria, DC-VA-MD-WV Metro Area","Washington-Arlington-Alexandria, DC-VA-MD-WV Metro Area",5636232,5636406,5665931,5777721,5873480,5967176,6033737
0100000US,,United States,310M200US47940,47940,"United States - In metropolitan statistical area - Waterloo-Cedar Falls, IA Metro Area","Waterloo-Cedar Falls, IA Metro Area",167819,167819,167888,168250,168547,169479,169993
0100000US,,United States,310M200US48060,48060,"United States - In metropolitan statistical area - Watertown-Fort Drum, NY Metro Area","Watertown-Fort Drum, NY Metro Area",116229,116229,116595,118273,120916,119536,119103
0100000US,,United States,310M200US48140,48140,"United States - In metropolitan statistical area - Wausau, WI Metro Area","Wausau, WI Metro Area",134063,134063,134065,134531,134689,135365,135780
0100000US,,United States,310M200US48260,48260,"United States - In metropolitan statistical area - Weirton-Steubenville, WV-OH Metro Area","Weirton-Steubenville, WV-OH Metro Area",124454,124454,124266,123324,122466,121942,121336
0100000US,,United States,310M200US48300,48300,"United States - In metropolitan statistical area - Wenatchee, WA Metro Area","Wenatchee, WA Metro Area",110884,110887,111261,112091,112995,113496,114392
0100000US,,United States,310M200US48540,48540,"United States - In metropolitan statistical area - Wheeling, WV-OH Metro Area","Wheeling, WV-OH Metro Area",147950,147950,147829,147075,146364,145853,145205
0100000US,,United States,310M200US48620,48620,"United States - In metropolitan statistical area - Wichita, KS Metro Area","Wichita, KS Metro Area",630919,630919,631936,633266,635942,638259,641076
0100000US,,United States,310M200US48660,48660,"United States - In metropolitan statistical area - Wichita Falls, TX Metro Area","Wichita Falls, TX Metro Area",151306,151476,151628,150332,150986,151529,151536
0100000US,,United States,310M200US48700,48700,"United States - In metropolitan statistical area - Williamsport, PA Metro Area","Williamsport, PA Metro Area",116111,116108,116173,116669,117296,116732,116508
0100000US,,United States,310M200US48900,48900,"United States - In metropolitan statistical area - Wilmington, NC Metro Area","Wilmington, NC Metro Area",254884,254884,255734,259334,263101,268301,272548
0100000US,,United States,310M200US49020,49020,"United States - In metropolitan statistical area - Winchester, VA-WV Metro Area","Winchester, VA-WV Metro Area",128472,128473,128726,130047,131017,132221,133403
0100000US,,United States,310M200US49180,49180,"United States - In metropolitan statistical area - Winston-Salem, NC Metro Area","Winston-Salem, NC Metro Area",640595,640577,641351,644651,647687,651520,655015
0100000US,,United States,310M200US49340,49340,"United States - In metropolitan statistical area - Worcester, MA-CT Metro Area","Worcester, MA-CT Metro Area",916980,916976,918791,922224,924072,928050,930473
0100000US,,United States,310M200US49420,49420,"United States - In metropolitan statistical area - Yakima, WA Metro Area","Yakima, WA Metro Area",243231,243231,244146,246159,246721,247297,247687
0100000US,,United States,310M200US49620,49620,"United States - In metropolitan statistical area - York-Hanover, PA Metro Area","York-Hanover, PA Metro Area",434972,435002,435543,436868,437699,439393,440755
0100000US,,United States,310M200US49660,49660,"United States - In metropolitan statistical area - Youngstown-Warren-Boardman, OH-PA Metro Area","Youngstown-Warren-Boardman, OH-PA Metro Area",565773,565804,564874,562487,558973,556129,553263
0100000US,,United States,310M200US49700,49700,"United States - In metropolitan statistical area - Yuba City, CA Metro Area","Yuba City, CA Metro Area",166892,166892,167204,167350,167614,168648,169813
0100000US,,United States,310M200US49740,49740,"United States - In metropolitan statistical area - Yuma, AZ Metro Area","Yuma, AZ Metro Area",195751,195750,197105,202617,202264,202033,203247
0100000US,,United States,0400000US72,72,Puerto Rico,Puerto Rico,3725789,3726157,3721527,3686771,3642281,3595839,3548397
0100000US,,United States,04000C0US72,72,Puerto Rico - In metropolitan statistical area,In metropolitan statistical area,3567524,3567892,3563239,3529221,3486013,3440754,3394621
0100000US,,United States,310M200US10380,10380,"Puerto Rico - In metropolitan statistical area - Aguadilla-Isabela, PR Metro Area","Aguadilla-Isabela, PR Metro Area",339441,339465,338958,335805,331413,326915,322641
0100000US,,United States,310M200US11640,11640,"Puerto Rico - In metropolitan statistical area - Arecibo, PR Metro Area","Arecibo, PR Metro Area",199471,199471,199253,197729,195821,194079,191864
0100000US,,United States,310M200US25020,25020,"Puerto Rico - In metropolitan statistical area - Guayama, PR Metro Area","Guayama, PR Metro Area",84214,84214,84107,83045,82134,81543,80581
0100000US,,United States,310M200US32420,32420,"Puerto Rico - In metropolitan statistical area - Mayagez, PR Metro Area","Mayagez, PR Metro Area",106330,106330,106033,104419,102516,100611,98661
0100000US,,United States,310M200US38660,38660,"Puerto Rico - In metropolitan statistical area - Ponce, PR Metro Area","Ponce, PR Metro Area",350480,350480,349506,344276,338036,331842,325929
0100000US,,United States,310M200US41900,41900,"Puerto Rico - In metropolitan statistical area - San Germn, PR Metro Area","San Germn, PR Metro Area",137462,137626,137549,136622,135399,133968,132660
0100000US,,United States,310M200US41980,41980,"Puerto Rico - In metropolitan statistical area - San Juan-Carolina-Caguas, PR Metro Area","San Juan-Carolina-Caguas, PR Metro Area",2350126,2350306,2347833,2327325,2300694,2271796,2242285
